Клиент,Участник компании,Кампания,Дата добавления в компанию,Дата статуса,Вид компании,Отклик
8,1,6,2023-02-11,2023-02-11,Viber,3
28,2,26,2023-03-23,2023-03-28,Email,0
18,3,28,2023-03-27,2023-03-27,Email,3
26,4,21,2023-03-13,2023-03-17,SMS,1
61,5,4,2023-02-07,2023-02-22,WebPush,3
19,6,35,2023-04-10,2023-04-14,WebPush,2
77,7,33,2023-04-06,2023-04-21,Email,1
37,8,41,2023-04-22,2023-05-07,WebPush,3
87,9,44,2023-04-28,2023-05-13,MobPush,2
62,10,34,2023-04-08,2023-04-19,WebPush,2
62,11,41,2023-04-22,2023-04-24,WebPush,1
90,12,48,2023-05-06,2023-05-06,MobPush,0
69,13,44,2023-04-28,2023-05-08,MobPush,0
64,14,18,2023-03-07,2023-03-09,SMS,1
4,15,21,2023-03-13,2023-03-14,SMS,2
77,16,45,2023-04-30,2023-05-05,MobPush,0
20,17,15,2023-03-01,2023-03-16,Viber,2
43,18,27,2023-03-25,2023-03-28,Email,3
9,19,35,2023-04-10,2023-04-16,WebPush,3
27,20,34,2023-04-08,2023-04-13,WebPush,1
37,21,33,2023-04-06,2023-04-16,Email,2
47,22,48,2023-05-06,2023-05-19,MobPush,0
88,23,36,2023-04-12,2023-04-20,WebPush,0
52,24,29,2023-03-29,2023-04-02,Email,3
51,25,11,2023-02-21,2023-03-02,Viber,2
23,26,27,2023-03-25,2023-03-28,Email,2
29,27,43,2023-04-26,2023-05-08,MobPush,2
44,28,19,2023-03-09,2023-03-23,SMS,0
44,29,5,2023-02-09,2023-02-19,MobPush,0
35,30,29,2023-03-29,2023-04-06,Email,0
93,31,24,2023-03-19,2023-03-31,SMS,0
69,32,21,2023-03-13,2023-03-18,SMS,0
6,33,41,2023-04-22,2023-05-01,WebPush,0
36,34,13,2023-02-25,2023-02-25,Viber,1
100,35,3,2023-02-05,2023-02-06,Email,0
8,36,27,2023-03-25,2023-04-08,Email,0
53,37,47,2023-05-04,2023-05-11,MobPush,3
7,38,32,2023-04-04,2023-04-07,Email,3
43,39,15,2023-03-01,2023-03-12,Viber,3
13,40,22,2023-03-15,2023-03-19,SMS,1
26,41,16,2023-03-03,2023-03-13,SMS,0
28,42,23,2023-03-17,2023-03-19,SMS,3
32,43,2,2023-02-03,2023-02-10,SMS,0
52,44,43,2023-04-26,2023-05-09,MobPush,0
61,45,22,2023-03-15,2023-03-30,SMS,3
57,46,1,2023-02-01,2023-02-11,Viber,2
16,47,23,2023-03-17,2023-03-17,SMS,0
59,48,18,2023-03-07,2023-03-17,SMS,0
30,49,28,2023-03-27,2023-04-08,Email,2
52,50,10,2023-02-19,2023-02-27,Viber,1
15,51,27,2023-03-25,2023-03-25,Email,0
88,52,40,2023-04-20,2023-04-26,WebPush,0
88,53,1,2023-02-01,2023-02-01,Viber,3
66,54,41,2023-04-22,2023-04-26,WebPush,1
8,55,49,2023-05-08,2023-05-16,MobPush,1
52,56,46,2023-05-02,2023-05-07,MobPush,0
43,57,39,2023-04-18,2023-04-30,WebPush,0
32,58,7,2023-02-13,2023-02-17,Viber,3
91,59,33,2023-04-06,2023-04-12,Email,3
95,60,29,2023-03-29,2023-03-30,Email,2
40,61,19,2023-03-09,2023-03-09,SMS,3
66,62,8,2023-02-15,2023-02-18,Viber,0
50,63,3,2023-02-05,2023-02-05,Email,1
37,64,31,2023-04-02,2023-04-13,Email,0
7,65,38,2023-04-16,2023-04-29,WebPush,3
75,66,44,2023-04-28,2023-05-12,MobPush,0
33,67,50,2023-05-10,2023-05-11,MobPush,3
13,68,21,2023-03-13,2023-03-20,SMS,2
100,69,31,2023-04-02,2023-04-05,Email,0
100,70,1,2023-02-01,2023-02-01,Viber,2
3,71,47,2023-05-04,2023-05-09,MobPush,1
2,72,48,2023-05-06,2023-05-16,MobPush,1
63,73,48,2023-05-06,2023-05-19,MobPush,1
89,74,6,2023-02-11,2023-02-18,Viber,2
47,75,2,2023-02-03,2023-02-17,SMS,2
76,76,40,2023-04-20,2023-04-20,WebPush,1
10,77,37,2023-04-14,2023-04-25,WebPush,0
29,78,43,2023-04-26,2023-04-29,MobPush,1
41,79,16,2023-03-03,2023-03-14,SMS,0
36,80,2,2023-02-03,2023-02-14,SMS,0
77,81,4,2023-02-07,2023-02-10,WebPush,2
48,82,45,2023-04-30,2023-04-30,MobPush,0
65,83,18,2023-03-07,2023-03-08,SMS,1
41,84,10,2023-02-19,2023-02-27,Viber,2
76,85,23,2023-03-17,2023-03-30,SMS,2
48,86,24,2023-03-19,2023-04-01,SMS,2
8,87,1,2023-02-01,2023-02-08,Viber,3
26,88,4,2023-02-07,2023-02-12,WebPush,1
39,89,30,2023-03-31,2023-04-14,Email,3
86,90,16,2023-03-03,2023-03-14,SMS,0
78,91,18,2023-03-07,2023-03-15,SMS,0
3,92,27,2023-03-25,2023-04-03,Email,0
97,93,32,2023-04-04,2023-04-10,Email,1
15,94,38,2023-04-16,2023-04-16,WebPush,3
12,95,13,2023-02-25,2023-02-28,Viber,2
54,96,11,2023-02-21,2023-03-02,Viber,1
65,97,37,2023-04-14,2023-04-25,WebPush,1
35,98,11,2023-02-21,2023-02-27,Viber,2
23,99,2,2023-02-03,2023-02-11,SMS,0
21,100,19,2023-03-09,2023-03-15,SMS,1
85,101,27,2023-03-25,2023-03-28,Email,1
5,102,31,2023-04-02,2023-04-11,Email,2
77,103,29,2023-03-29,2023-03-30,Email,0
44,104,42,2023-04-24,2023-05-02,WebPush,2
84,105,24,2023-03-19,2023-03-28,SMS,1
31,106,4,2023-02-07,2023-02-08,WebPush,0
38,107,5,2023-02-09,2023-02-18,MobPush,2
68,108,23,2023-03-17,2023-03-28,SMS,0
53,109,26,2023-03-23,2023-03-24,Email,2
29,110,47,2023-05-04,2023-05-05,MobPush,0
93,111,41,2023-04-22,2023-05-02,WebPush,0
100,112,41,2023-04-22,2023-05-05,WebPush,3
76,113,50,2023-05-10,2023-05-19,MobPush,1
47,114,45,2023-04-30,2023-05-05,MobPush,3
35,115,32,2023-04-04,2023-04-15,Email,2
98,116,7,2023-02-13,2023-02-23,Viber,0
75,117,12,2023-02-23,2023-02-25,Viber,2
7,118,3,2023-02-05,2023-02-19,Email,2
6,119,16,2023-03-03,2023-03-03,SMS,0
9,120,6,2023-02-11,2023-02-12,Viber,3
7,121,49,2023-05-08,2023-05-18,MobPush,3
41,122,44,2023-04-28,2023-05-11,MobPush,1
60,123,43,2023-04-26,2023-05-06,MobPush,3
92,124,47,2023-05-04,2023-05-06,MobPush,1
42,125,10,2023-02-19,2023-02-19,Viber,1
59,126,37,2023-04-14,2023-04-17,WebPush,3
47,127,1,2023-02-01,2023-02-11,Viber,2
14,128,46,2023-05-02,2023-05-14,MobPush,0
76,129,36,2023-04-12,2023-04-24,WebPush,2
8,130,6,2023-02-11,2023-02-24,Viber,1
49,131,50,2023-05-10,2023-05-12,MobPush,1
10,132,9,2023-02-17,2023-02-27,Viber,0
76,133,19,2023-03-09,2023-03-13,SMS,2
60,134,15,2023-03-01,2023-03-01,Viber,0
12,135,45,2023-04-30,2023-05-11,MobPush,0
80,136,37,2023-04-14,2023-04-27,WebPush,3
57,137,37,2023-04-14,2023-04-20,WebPush,1
91,138,32,2023-04-04,2023-04-13,Email,1
79,139,46,2023-05-02,2023-05-13,MobPush,2
84,140,18,2023-03-07,2023-03-19,SMS,1
67,141,11,2023-02-21,2023-03-01,Viber,2
91,142,48,2023-05-06,2023-05-15,MobPush,3
11,143,2,2023-02-03,2023-02-10,SMS,3
3,144,50,2023-05-10,2023-05-12,MobPush,0
17,145,21,2023-03-13,2023-03-28,SMS,0
90,146,36,2023-04-12,2023-04-21,WebPush,3
90,147,20,2023-03-11,2023-03-22,SMS,0
14,148,48,2023-05-06,2023-05-19,MobPush,1
53,149,50,2023-05-10,2023-05-12,MobPush,2
53,150,35,2023-04-10,2023-04-20,WebPush,2
65,151,38,2023-04-16,2023-04-18,WebPush,0
40,152,45,2023-04-30,2023-05-02,MobPush,0
35,153,4,2023-02-07,2023-02-17,WebPush,0
58,154,39,2023-04-18,2023-04-24,WebPush,3
25,155,3,2023-02-05,2023-02-16,Email,0
51,156,24,2023-03-19,2023-03-30,SMS,1
59,157,47,2023-05-04,2023-05-17,MobPush,3
45,158,6,2023-02-11,2023-02-21,Viber,2
27,159,35,2023-04-10,2023-04-12,WebPush,1
56,160,47,2023-05-04,2023-05-18,MobPush,3
48,161,9,2023-02-17,2023-02-18,Viber,0
88,162,47,2023-05-04,2023-05-19,MobPush,3
2,163,12,2023-02-23,2023-02-25,Viber,2
96,164,13,2023-02-25,2023-03-04,Viber,2
55,165,49,2023-05-08,2023-05-17,MobPush,0
20,166,4,2023-02-07,2023-02-22,WebPush,1
29,167,20,2023-03-11,2023-03-26,SMS,2
16,168,44,2023-04-28,2023-04-28,MobPush,3
14,169,35,2023-04-10,2023-04-13,WebPush,3
25,170,32,2023-04-04,2023-04-19,Email,2
35,171,18,2023-03-07,2023-03-09,SMS,2
24,172,10,2023-02-19,2023-03-05,Viber,2
5,173,10,2023-02-19,2023-02-26,Viber,2
69,174,14,2023-02-27,2023-02-28,Viber,1
9,175,50,2023-05-10,2023-05-17,MobPush,3
76,176,30,2023-03-31,2023-04-12,Email,0
57,177,6,2023-02-11,2023-02-18,Viber,1
61,178,41,2023-04-22,2023-05-04,WebPush,0
42,179,38,2023-04-16,2023-04-24,WebPush,2
27,180,17,2023-03-05,2023-03-09,SMS,1
21,181,31,2023-04-02,2023-04-11,Email,0
90,182,43,2023-04-26,2023-04-28,MobPush,2
58,183,3,2023-02-05,2023-02-13,Email,2
39,184,30,2023-03-31,2023-04-13,Email,3
28,185,50,2023-05-10,2023-05-14,MobPush,1
85,186,47,2023-05-04,2023-05-19,MobPush,0
34,187,47,2023-05-04,2023-05-09,MobPush,0
42,188,13,2023-02-25,2023-03-04,Viber,1
39,189,29,2023-03-29,2023-04-11,Email,3
53,190,39,2023-04-18,2023-04-19,WebPush,2
84,191,40,2023-04-20,2023-04-27,WebPush,2
89,192,25,2023-03-21,2023-04-01,Email,3
14,193,39,2023-04-18,2023-05-03,WebPush,2
11,194,27,2023-03-25,2023-04-06,Email,1
59,195,18,2023-03-07,2023-03-08,SMS,2
89,196,14,2023-02-27,2023-03-03,Viber,1
80,197,1,2023-02-01,2023-02-16,Viber,0
71,198,27,2023-03-25,2023-03-29,Email,2
98,199,43,2023-04-26,2023-04-27,MobPush,0
12,200,26,2023-03-23,2023-03-27,Email,3
67,201,35,2023-04-10,2023-04-13,WebPush,1
100,202,17,2023-03-05,2023-03-06,SMS,2
37,203,41,2023-04-22,2023-04-22,WebPush,2
46,204,20,2023-03-11,2023-03-17,SMS,3
66,205,12,2023-02-23,2023-03-08,Viber,3
12,206,26,2023-03-23,2023-04-07,Email,1
63,207,36,2023-04-12,2023-04-18,WebPush,0
73,208,50,2023-05-10,2023-05-13,MobPush,1
37,209,6,2023-02-11,2023-02-11,Viber,0
38,210,34,2023-04-08,2023-04-09,WebPush,2
29,211,39,2023-04-18,2023-04-26,WebPush,0
42,212,4,2023-02-07,2023-02-09,WebPush,2
5,213,11,2023-02-21,2023-02-24,Viber,1
41,214,45,2023-04-30,2023-05-07,MobPush,1
50,215,13,2023-02-25,2023-02-28,Viber,3
11,216,15,2023-03-01,2023-03-15,Viber,1
37,217,5,2023-02-09,2023-02-10,MobPush,3
61,218,12,2023-02-23,2023-03-02,Viber,3
15,219,44,2023-04-28,2023-04-29,MobPush,0
30,220,24,2023-03-19,2023-04-02,SMS,1
59,221,19,2023-03-09,2023-03-09,SMS,3
75,222,10,2023-02-19,2023-02-24,Viber,0
7,223,8,2023-02-15,2023-02-21,Viber,1
56,224,31,2023-04-02,2023-04-15,Email,3
60,225,13,2023-02-25,2023-03-04,Viber,1
16,226,15,2023-03-01,2023-03-06,Viber,0
73,227,3,2023-02-05,2023-02-13,Email,1
81,228,43,2023-04-26,2023-04-30,MobPush,3
67,229,18,2023-03-07,2023-03-07,SMS,2
64,230,24,2023-03-19,2023-03-29,SMS,1
33,231,2,2023-02-03,2023-02-16,SMS,1
97,232,39,2023-04-18,2023-04-20,WebPush,3
39,233,38,2023-04-16,2023-04-25,WebPush,3
6,234,31,2023-04-02,2023-04-02,Email,0
87,235,33,2023-04-06,2023-04-16,Email,2
9,236,49,2023-05-08,2023-05-20,MobPush,1
81,237,14,2023-02-27,2023-03-12,Viber,3
55,238,8,2023-02-15,2023-02-18,Viber,3
6,239,23,2023-03-17,2023-03-24,SMS,2
44,240,41,2023-04-22,2023-05-06,WebPush,0
26,241,45,2023-04-30,2023-05-02,MobPush,1
63,242,48,2023-05-06,2023-05-13,MobPush,2
26,243,19,2023-03-09,2023-03-12,SMS,3
19,244,44,2023-04-28,2023-05-02,MobPush,2
39,245,24,2023-03-19,2023-03-19,SMS,1
4,246,40,2023-04-20,2023-04-20,WebPush,1
10,247,27,2023-03-25,2023-03-25,Email,1
68,248,45,2023-04-30,2023-04-30,MobPush,2
2,249,29,2023-03-29,2023-03-29,Email,3
39,250,47,2023-05-04,2023-05-14,MobPush,3
74,251,19,2023-03-09,2023-03-11,SMS,1
37,252,23,2023-03-17,2023-03-27,SMS,3
84,253,47,2023-05-04,2023-05-05,MobPush,3
20,254,8,2023-02-15,2023-02-25,Viber,2
58,255,16,2023-03-03,2023-03-12,SMS,0
13,256,1,2023-02-01,2023-02-15,Viber,3
79,257,30,2023-03-31,2023-04-11,Email,3
23,258,27,2023-03-25,2023-03-30,Email,2
97,259,20,2023-03-11,2023-03-15,SMS,0
60,260,29,2023-03-29,2023-04-08,Email,2
100,261,20,2023-03-11,2023-03-22,SMS,2
81,262,41,2023-04-22,2023-05-07,WebPush,2
16,263,27,2023-03-25,2023-04-07,Email,1
8,264,34,2023-04-08,2023-04-17,WebPush,2
33,265,23,2023-03-17,2023-03-26,SMS,3
1,266,20,2023-03-11,2023-03-26,SMS,3
80,267,44,2023-04-28,2023-05-11,MobPush,0
43,268,27,2023-03-25,2023-03-30,Email,2
31,269,17,2023-03-05,2023-03-19,SMS,3
40,270,31,2023-04-02,2023-04-16,Email,2
63,271,11,2023-02-21,2023-02-27,Viber,2
28,272,49,2023-05-08,2023-05-13,MobPush,1
87,273,26,2023-03-23,2023-03-24,Email,1
39,274,1,2023-02-01,2023-02-10,Viber,3
75,275,37,2023-04-14,2023-04-23,WebPush,3
4,276,24,2023-03-19,2023-04-01,SMS,2
90,277,10,2023-02-19,2023-03-06,Viber,2
16,278,9,2023-02-17,2023-02-24,Viber,0
46,279,13,2023-02-25,2023-03-05,Viber,3
86,280,16,2023-03-03,2023-03-17,SMS,3
32,281,16,2023-03-03,2023-03-08,SMS,0
46,282,5,2023-02-09,2023-02-14,MobPush,3
34,283,37,2023-04-14,2023-04-14,WebPush,2
21,284,36,2023-04-12,2023-04-23,WebPush,3
94,285,15,2023-03-01,2023-03-12,Viber,3
46,286,48,2023-05-06,2023-05-15,MobPush,0
13,287,8,2023-02-15,2023-02-16,Viber,3
37,288,21,2023-03-13,2023-03-19,SMS,2
55,289,16,2023-03-03,2023-03-15,SMS,3
47,290,5,2023-02-09,2023-02-16,MobPush,1
26,291,1,2023-02-01,2023-02-15,Viber,3
41,292,11,2023-02-21,2023-03-03,Viber,2
64,293,38,2023-04-16,2023-05-01,WebPush,2
20,294,36,2023-04-12,2023-04-15,WebPush,0
45,295,5,2023-02-09,2023-02-18,MobPush,1
52,296,19,2023-03-09,2023-03-18,SMS,2
14,297,37,2023-04-14,2023-04-25,WebPush,3
74,298,21,2023-03-13,2023-03-21,SMS,3
56,299,8,2023-02-15,2023-02-18,Viber,0
37,300,34,2023-04-08,2023-04-09,WebPush,1
82,301,43,2023-04-26,2023-05-02,MobPush,1
56,302,20,2023-03-11,2023-03-12,SMS,3
2,303,23,2023-03-17,2023-03-21,SMS,1
76,304,4,2023-02-07,2023-02-19,WebPush,1
75,305,10,2023-02-19,2023-02-19,Viber,1
53,306,34,2023-04-08,2023-04-09,WebPush,0
40,307,38,2023-04-16,2023-04-24,WebPush,1
75,308,6,2023-02-11,2023-02-12,Viber,1
100,309,1,2023-02-01,2023-02-13,Viber,2
66,310,32,2023-04-04,2023-04-12,Email,1
63,311,19,2023-03-09,2023-03-20,SMS,0
78,312,46,2023-05-02,2023-05-09,MobPush,1
1,313,48,2023-05-06,2023-05-08,MobPush,1
57,314,25,2023-03-21,2023-03-26,Email,1
96,315,14,2023-02-27,2023-03-11,Viber,3
84,316,27,2023-03-25,2023-03-27,Email,2
36,317,18,2023-03-07,2023-03-09,SMS,0
18,318,34,2023-04-08,2023-04-08,WebPush,0
28,319,39,2023-04-18,2023-05-02,WebPush,0
62,320,47,2023-05-04,2023-05-09,MobPush,1
66,321,13,2023-02-25,2023-03-03,Viber,0
33,322,14,2023-02-27,2023-03-03,Viber,2
66,323,49,2023-05-08,2023-05-08,MobPush,3
33,324,15,2023-03-01,2023-03-08,Viber,0
3,325,9,2023-02-17,2023-02-18,Viber,1
12,326,2,2023-02-03,2023-02-09,SMS,2
6,327,49,2023-05-08,2023-05-14,MobPush,2
98,328,41,2023-04-22,2023-05-07,WebPush,3
22,329,13,2023-02-25,2023-03-06,Viber,1
35,330,50,2023-05-10,2023-05-24,MobPush,1
78,331,2,2023-02-03,2023-02-04,SMS,0
60,332,26,2023-03-23,2023-04-01,Email,3
57,333,4,2023-02-07,2023-02-20,WebPush,0
13,334,25,2023-03-21,2023-03-21,Email,2
15,335,8,2023-02-15,2023-02-25,Viber,0
93,336,49,2023-05-08,2023-05-13,MobPush,2
49,337,4,2023-02-07,2023-02-09,WebPush,2
21,338,11,2023-02-21,2023-03-08,Viber,3
95,339,42,2023-04-24,2023-05-02,WebPush,0
14,340,5,2023-02-09,2023-02-20,MobPush,1
62,341,31,2023-04-02,2023-04-05,Email,0
9,342,9,2023-02-17,2023-02-18,Viber,0
53,343,45,2023-04-30,2023-05-11,MobPush,2
97,344,5,2023-02-09,2023-02-11,MobPush,3
75,345,9,2023-02-17,2023-02-18,Viber,3
98,346,32,2023-04-04,2023-04-08,Email,0
32,347,30,2023-03-31,2023-03-31,Email,0
97,348,29,2023-03-29,2023-04-04,Email,3
4,349,23,2023-03-17,2023-03-28,SMS,3
87,350,36,2023-04-12,2023-04-18,WebPush,1
30,351,28,2023-03-27,2023-04-06,Email,2
34,352,45,2023-04-30,2023-05-15,MobPush,3
15,353,19,2023-03-09,2023-03-20,SMS,1
13,354,44,2023-04-28,2023-05-13,MobPush,1
33,355,30,2023-03-31,2023-04-08,Email,3
17,356,45,2023-04-30,2023-05-08,MobPush,0
5,357,39,2023-04-18,2023-04-26,WebPush,2
52,358,47,2023-05-04,2023-05-07,MobPush,3
72,359,32,2023-04-04,2023-04-08,Email,1
91,360,20,2023-03-11,2023-03-22,SMS,3
7,361,35,2023-04-10,2023-04-12,WebPush,2
34,362,17,2023-03-05,2023-03-10,SMS,0
29,363,18,2023-03-07,2023-03-11,SMS,1
1,364,25,2023-03-21,2023-03-31,Email,0
20,365,45,2023-04-30,2023-05-15,MobPush,3
32,366,12,2023-02-23,2023-02-28,Viber,1
20,367,1,2023-02-01,2023-02-04,Viber,1
12,368,32,2023-04-04,2023-04-16,Email,3
21,369,10,2023-02-19,2023-03-05,Viber,3
63,370,29,2023-03-29,2023-04-12,Email,2
25,371,47,2023-05-04,2023-05-17,MobPush,2
8,372,33,2023-04-06,2023-04-09,Email,0
11,373,42,2023-04-24,2023-04-30,WebPush,2
23,374,4,2023-02-07,2023-02-22,WebPush,2
100,375,36,2023-04-12,2023-04-27,WebPush,2
63,376,16,2023-03-03,2023-03-17,SMS,2
56,377,19,2023-03-09,2023-03-13,SMS,1
76,378,2,2023-02-03,2023-02-03,SMS,3
95,379,13,2023-02-25,2023-02-25,Viber,0
58,380,42,2023-04-24,2023-05-06,WebPush,3
37,381,11,2023-02-21,2023-03-08,Viber,2
98,382,39,2023-04-18,2023-04-18,WebPush,3
36,383,31,2023-04-02,2023-04-05,Email,1
94,384,36,2023-04-12,2023-04-20,WebPush,3
86,385,45,2023-04-30,2023-05-03,MobPush,3
93,386,30,2023-03-31,2023-04-03,Email,3
67,387,28,2023-03-27,2023-04-03,Email,0
67,388,25,2023-03-21,2023-03-25,Email,0
11,389,16,2023-03-03,2023-03-17,SMS,3
69,390,39,2023-04-18,2023-04-18,WebPush,0
23,391,35,2023-04-10,2023-04-11,WebPush,2
89,392,5,2023-02-09,2023-02-21,MobPush,0
97,393,28,2023-03-27,2023-04-03,Email,2
100,394,48,2023-05-06,2023-05-11,MobPush,1
40,395,1,2023-02-01,2023-02-02,Viber,2
38,396,24,2023-03-19,2023-03-30,SMS,2
95,397,35,2023-04-10,2023-04-19,WebPush,1
63,398,9,2023-02-17,2023-03-04,Viber,1
91,399,50,2023-05-10,2023-05-18,MobPush,3
85,400,15,2023-03-01,2023-03-04,Viber,0
18,401,41,2023-04-22,2023-05-02,WebPush,2
96,402,43,2023-04-26,2023-05-09,MobPush,2
63,403,45,2023-04-30,2023-05-08,MobPush,1
72,404,8,2023-02-15,2023-02-21,Viber,1
50,405,19,2023-03-09,2023-03-18,SMS,2
81,406,42,2023-04-24,2023-05-09,WebPush,2
19,407,35,2023-04-10,2023-04-15,WebPush,1
15,408,7,2023-02-13,2023-02-26,Viber,3
64,409,21,2023-03-13,2023-03-18,SMS,1
32,410,41,2023-04-22,2023-05-05,WebPush,2
58,411,26,2023-03-23,2023-04-05,Email,0
72,412,45,2023-04-30,2023-05-04,MobPush,0
51,413,34,2023-04-08,2023-04-20,WebPush,3
21,414,39,2023-04-18,2023-04-21,WebPush,3
92,415,22,2023-03-15,2023-03-20,SMS,0
90,416,11,2023-02-21,2023-02-26,Viber,2
26,417,37,2023-04-14,2023-04-27,WebPush,2
58,418,33,2023-04-06,2023-04-06,Email,0
80,419,21,2023-03-13,2023-03-24,SMS,0
75,420,21,2023-03-13,2023-03-22,SMS,3
44,421,4,2023-02-07,2023-02-11,WebPush,2
6,422,15,2023-03-01,2023-03-08,Viber,1
99,423,6,2023-02-11,2023-02-25,Viber,0
30,424,38,2023-04-16,2023-04-20,WebPush,2
76,425,5,2023-02-09,2023-02-17,MobPush,2
4,426,15,2023-03-01,2023-03-09,Viber,2
42,427,50,2023-05-10,2023-05-15,MobPush,2
29,428,5,2023-02-09,2023-02-21,MobPush,1
2,429,37,2023-04-14,2023-04-19,WebPush,2
35,430,12,2023-02-23,2023-03-05,Viber,3
13,431,49,2023-05-08,2023-05-19,MobPush,2
9,432,36,2023-04-12,2023-04-19,WebPush,2
79,433,46,2023-05-02,2023-05-11,MobPush,1
60,434,6,2023-02-11,2023-02-16,Viber,1
43,435,44,2023-04-28,2023-05-01,MobPush,0
97,436,23,2023-03-17,2023-03-27,SMS,0
92,437,24,2023-03-19,2023-04-01,SMS,0
53,438,27,2023-03-25,2023-04-04,Email,3
15,439,50,2023-05-10,2023-05-22,MobPush,3
85,440,38,2023-04-16,2023-04-25,WebPush,0
30,441,36,2023-04-12,2023-04-15,WebPush,3
18,442,25,2023-03-21,2023-03-28,Email,1
77,443,28,2023-03-27,2023-03-29,Email,3
56,444,15,2023-03-01,2023-03-06,Viber,1
89,445,31,2023-04-02,2023-04-16,Email,3
8,446,18,2023-03-07,2023-03-22,SMS,3
41,447,34,2023-04-08,2023-04-21,WebPush,3
2,448,4,2023-02-07,2023-02-21,WebPush,3
46,449,6,2023-02-11,2023-02-24,Viber,2
12,450,35,2023-04-10,2023-04-10,WebPush,1
25,451,8,2023-02-15,2023-02-18,Viber,2
22,452,10,2023-02-19,2023-02-21,Viber,1
77,453,30,2023-03-31,2023-04-12,Email,0
39,454,49,2023-05-08,2023-05-17,MobPush,0
67,455,32,2023-04-04,2023-04-16,Email,1
16,456,27,2023-03-25,2023-04-06,Email,0
3,457,25,2023-03-21,2023-04-05,Email,2
56,458,34,2023-04-08,2023-04-21,WebPush,1
41,459,23,2023-03-17,2023-03-25,SMS,1
29,460,13,2023-02-25,2023-03-05,Viber,1
25,461,26,2023-03-23,2023-04-03,Email,1
18,462,17,2023-03-05,2023-03-11,SMS,2
60,463,47,2023-05-04,2023-05-07,MobPush,2
68,464,45,2023-04-30,2023-05-05,MobPush,0
75,465,48,2023-05-06,2023-05-20,MobPush,3
62,466,17,2023-03-05,2023-03-17,SMS,0
85,467,9,2023-02-17,2023-02-27,Viber,2
22,468,25,2023-03-21,2023-04-02,Email,2
35,469,4,2023-02-07,2023-02-12,WebPush,2
28,470,13,2023-02-25,2023-03-10,Viber,3
68,471,32,2023-04-04,2023-04-06,Email,0
3,472,30,2023-03-31,2023-04-12,Email,0
23,473,31,2023-04-02,2023-04-06,Email,0
3,474,1,2023-02-01,2023-02-10,Viber,2
82,475,34,2023-04-08,2023-04-20,WebPush,3
64,476,15,2023-03-01,2023-03-07,Viber,3
98,477,11,2023-02-21,2023-03-02,Viber,0
71,478,15,2023-03-01,2023-03-06,Viber,0
14,479,15,2023-03-01,2023-03-04,Viber,2
9,480,25,2023-03-21,2023-03-29,Email,2
58,481,23,2023-03-17,2023-03-18,SMS,2
35,482,41,2023-04-22,2023-04-27,WebPush,1
91,483,10,2023-02-19,2023-02-24,Viber,0
59,484,21,2023-03-13,2023-03-23,SMS,2
7,485,47,2023-05-04,2023-05-05,MobPush,3
11,486,39,2023-04-18,2023-04-18,WebPush,2
21,487,24,2023-03-19,2023-03-28,SMS,3
35,488,41,2023-04-22,2023-05-05,WebPush,0
45,489,18,2023-03-07,2023-03-19,SMS,2
14,490,27,2023-03-25,2023-04-01,Email,0
16,491,15,2023-03-01,2023-03-15,Viber,0
33,492,1,2023-02-01,2023-02-14,Viber,3
1,493,30,2023-03-31,2023-04-06,Email,1
19,494,48,2023-05-06,2023-05-18,MobPush,2
99,495,1,2023-02-01,2023-02-09,Viber,1
3,496,40,2023-04-20,2023-04-24,WebPush,3
44,497,43,2023-04-26,2023-05-11,MobPush,0
51,498,30,2023-03-31,2023-04-04,Email,0
1,499,16,2023-03-03,2023-03-16,SMS,1
35,500,14,2023-02-27,2023-03-08,Viber,2
55,501,49,2023-05-08,2023-05-20,MobPush,1
70,502,48,2023-05-06,2023-05-12,MobPush,1
43,503,13,2023-02-25,2023-02-25,Viber,2
20,504,11,2023-02-21,2023-03-04,Viber,1
99,505,45,2023-04-30,2023-05-14,MobPush,2
96,506,6,2023-02-11,2023-02-24,Viber,2
86,507,2,2023-02-03,2023-02-03,SMS,3
48,508,38,2023-04-16,2023-04-30,WebPush,2
34,509,46,2023-05-02,2023-05-11,MobPush,2
93,510,27,2023-03-25,2023-04-07,Email,0
44,511,3,2023-02-05,2023-02-16,Email,1
64,512,15,2023-03-01,2023-03-03,Viber,1
25,513,28,2023-03-27,2023-04-04,Email,1
67,514,50,2023-05-10,2023-05-22,MobPush,0
22,515,23,2023-03-17,2023-03-26,SMS,1
17,516,37,2023-04-14,2023-04-18,WebPush,2
70,517,6,2023-02-11,2023-02-25,Viber,0
96,518,43,2023-04-26,2023-05-10,MobPush,3
6,519,11,2023-02-21,2023-02-21,Viber,3
93,520,9,2023-02-17,2023-03-04,Viber,1
42,521,20,2023-03-11,2023-03-20,SMS,3
30,522,39,2023-04-18,2023-04-27,WebPush,2
50,523,41,2023-04-22,2023-05-05,WebPush,1
45,524,32,2023-04-04,2023-04-17,Email,1
36,525,28,2023-03-27,2023-03-28,Email,2
4,526,7,2023-02-13,2023-02-17,Viber,0
17,527,6,2023-02-11,2023-02-22,Viber,2
9,528,30,2023-03-31,2023-04-03,Email,1
69,529,18,2023-03-07,2023-03-09,SMS,3
9,530,35,2023-04-10,2023-04-13,WebPush,1
27,531,14,2023-02-27,2023-03-03,Viber,3
98,532,43,2023-04-26,2023-05-06,MobPush,3
31,533,27,2023-03-25,2023-04-09,Email,2
85,534,20,2023-03-11,2023-03-23,SMS,0
26,535,12,2023-02-23,2023-02-28,Viber,2
65,536,26,2023-03-23,2023-03-26,Email,1
77,537,36,2023-04-12,2023-04-12,WebPush,2
6,538,42,2023-04-24,2023-04-28,WebPush,0
28,539,19,2023-03-09,2023-03-24,SMS,1
35,540,21,2023-03-13,2023-03-26,SMS,2
87,541,25,2023-03-21,2023-03-26,Email,1
57,542,3,2023-02-05,2023-02-11,Email,0
13,543,48,2023-05-06,2023-05-19,MobPush,3
8,544,3,2023-02-05,2023-02-09,Email,0
43,545,46,2023-05-02,2023-05-14,MobPush,1
18,546,36,2023-04-12,2023-04-20,WebPush,0
59,547,41,2023-04-22,2023-04-24,WebPush,2
47,548,2,2023-02-03,2023-02-09,SMS,1
70,549,38,2023-04-16,2023-04-29,WebPush,2
85,550,47,2023-05-04,2023-05-07,MobPush,3
64,551,5,2023-02-09,2023-02-16,MobPush,0
82,552,36,2023-04-12,2023-04-19,WebPush,2
88,553,21,2023-03-13,2023-03-22,SMS,2
10,554,26,2023-03-23,2023-03-25,Email,2
78,555,39,2023-04-18,2023-04-19,WebPush,3
66,556,45,2023-04-30,2023-05-10,MobPush,2
42,557,10,2023-02-19,2023-03-04,Viber,3
36,558,36,2023-04-12,2023-04-22,WebPush,3
80,559,33,2023-04-06,2023-04-19,Email,2
53,560,46,2023-05-02,2023-05-17,MobPush,3
64,561,22,2023-03-15,2023-03-23,SMS,0
82,562,38,2023-04-16,2023-05-01,WebPush,1
81,563,50,2023-05-10,2023-05-14,MobPush,3
91,564,44,2023-04-28,2023-05-12,MobPush,2
85,565,19,2023-03-09,2023-03-20,SMS,2
28,566,26,2023-03-23,2023-03-24,Email,2
84,567,48,2023-05-06,2023-05-16,MobPush,0
17,568,8,2023-02-15,2023-02-15,Viber,2
33,569,27,2023-03-25,2023-03-26,Email,3
14,570,17,2023-03-05,2023-03-06,SMS,0
32,571,11,2023-02-21,2023-03-05,Viber,0
33,572,12,2023-02-23,2023-03-05,Viber,2
33,573,20,2023-03-11,2023-03-19,SMS,2
1,574,22,2023-03-15,2023-03-17,SMS,3
15,575,14,2023-02-27,2023-03-11,Viber,3
99,576,29,2023-03-29,2023-03-31,Email,0
50,577,23,2023-03-17,2023-03-24,SMS,1
1,578,41,2023-04-22,2023-05-02,WebPush,0
17,579,38,2023-04-16,2023-04-25,WebPush,2
78,580,3,2023-02-05,2023-02-06,Email,0
45,581,48,2023-05-06,2023-05-06,MobPush,1
3,582,27,2023-03-25,2023-03-28,Email,2
9,583,18,2023-03-07,2023-03-10,SMS,1
69,584,27,2023-03-25,2023-04-09,Email,1
50,585,23,2023-03-17,2023-03-27,SMS,2
13,586,48,2023-05-06,2023-05-18,MobPush,1
61,587,26,2023-03-23,2023-04-01,Email,3
15,588,34,2023-04-08,2023-04-17,WebPush,1
4,589,4,2023-02-07,2023-02-19,WebPush,1
50,590,42,2023-04-24,2023-05-03,WebPush,3
7,591,26,2023-03-23,2023-03-30,Email,1
24,592,22,2023-03-15,2023-03-15,SMS,0
96,593,6,2023-02-11,2023-02-13,Viber,2
19,594,18,2023-03-07,2023-03-16,SMS,1
44,595,11,2023-02-21,2023-02-22,Viber,2
86,596,5,2023-02-09,2023-02-12,MobPush,3
59,597,21,2023-03-13,2023-03-15,SMS,0
25,598,45,2023-04-30,2023-04-30,MobPush,3
49,599,23,2023-03-17,2023-04-01,SMS,3
7,600,9,2023-02-17,2023-02-18,Viber,1
30,601,30,2023-03-31,2023-04-05,Email,1
80,602,46,2023-05-02,2023-05-14,MobPush,0
98,603,5,2023-02-09,2023-02-21,MobPush,3
57,604,10,2023-02-19,2023-02-28,Viber,2
15,605,22,2023-03-15,2023-03-23,SMS,0
3,606,12,2023-02-23,2023-03-08,Viber,3
46,607,31,2023-04-02,2023-04-06,Email,3
71,608,36,2023-04-12,2023-04-20,WebPush,0
51,609,18,2023-03-07,2023-03-09,SMS,3
95,610,32,2023-04-04,2023-04-13,Email,2
72,611,15,2023-03-01,2023-03-13,Viber,0
4,612,4,2023-02-07,2023-02-19,WebPush,0
40,613,28,2023-03-27,2023-03-28,Email,0
39,614,36,2023-04-12,2023-04-21,WebPush,0
21,615,48,2023-05-06,2023-05-15,MobPush,3
8,616,30,2023-03-31,2023-04-15,Email,0
99,617,14,2023-02-27,2023-03-05,Viber,0
58,618,32,2023-04-04,2023-04-17,Email,0
92,619,24,2023-03-19,2023-03-25,SMS,1
71,620,38,2023-04-16,2023-04-20,WebPush,2
72,621,9,2023-02-17,2023-03-01,Viber,3
43,622,27,2023-03-25,2023-03-31,Email,1
77,623,18,2023-03-07,2023-03-21,SMS,3
99,624,43,2023-04-26,2023-05-11,MobPush,1
24,625,27,2023-03-25,2023-03-30,Email,1
48,626,34,2023-04-08,2023-04-10,WebPush,2
69,627,26,2023-03-23,2023-04-01,Email,3
52,628,16,2023-03-03,2023-03-12,SMS,2
11,629,12,2023-02-23,2023-03-06,Viber,2
22,630,27,2023-03-25,2023-04-07,Email,0
33,631,6,2023-02-11,2023-02-26,Viber,1
48,632,48,2023-05-06,2023-05-10,MobPush,2
65,633,19,2023-03-09,2023-03-10,SMS,0
70,634,21,2023-03-13,2023-03-28,SMS,2
17,635,15,2023-03-01,2023-03-08,Viber,2
89,636,10,2023-02-19,2023-02-22,Viber,2
40,637,30,2023-03-31,2023-04-13,Email,2
84,638,50,2023-05-10,2023-05-13,MobPush,2
25,639,15,2023-03-01,2023-03-15,Viber,3
18,640,10,2023-02-19,2023-02-21,Viber,3
79,641,9,2023-02-17,2023-03-04,Viber,1
27,642,16,2023-03-03,2023-03-18,SMS,1
84,643,6,2023-02-11,2023-02-21,Viber,2
94,644,48,2023-05-06,2023-05-10,MobPush,0
26,645,27,2023-03-25,2023-04-09,Email,1
16,646,47,2023-05-04,2023-05-04,MobPush,2
73,647,26,2023-03-23,2023-03-24,Email,1
82,648,37,2023-04-14,2023-04-23,WebPush,2
77,649,4,2023-02-07,2023-02-07,WebPush,3
70,650,39,2023-04-18,2023-04-28,WebPush,0
17,651,46,2023-05-02,2023-05-13,MobPush,1
37,652,46,2023-05-02,2023-05-12,MobPush,0
71,653,1,2023-02-01,2023-02-12,Viber,1
93,654,39,2023-04-18,2023-04-26,WebPush,0
57,655,3,2023-02-05,2023-02-09,Email,0
39,656,44,2023-04-28,2023-05-11,MobPush,3
72,657,4,2023-02-07,2023-02-09,WebPush,3
71,658,49,2023-05-08,2023-05-10,MobPush,1
9,659,25,2023-03-21,2023-04-01,Email,3
70,660,26,2023-03-23,2023-04-03,Email,0
31,661,30,2023-03-31,2023-04-06,Email,0
64,662,43,2023-04-26,2023-05-01,MobPush,1
56,663,43,2023-04-26,2023-04-28,MobPush,2
82,664,18,2023-03-07,2023-03-16,SMS,2
45,665,26,2023-03-23,2023-03-30,Email,3
10,666,33,2023-04-06,2023-04-10,Email,3
4,667,27,2023-03-25,2023-04-08,Email,1
55,668,12,2023-02-23,2023-03-08,Viber,0
14,669,7,2023-02-13,2023-02-26,Viber,3
40,670,10,2023-02-19,2023-03-04,Viber,3
30,671,48,2023-05-06,2023-05-11,MobPush,2
1,672,2,2023-02-03,2023-02-18,SMS,2
71,673,18,2023-03-07,2023-03-12,SMS,0
81,674,24,2023-03-19,2023-03-26,SMS,2
41,675,47,2023-05-04,2023-05-07,MobPush,3
30,676,20,2023-03-11,2023-03-18,SMS,3
28,677,30,2023-03-31,2023-04-04,Email,1
76,678,10,2023-02-19,2023-02-19,Viber,1
75,679,27,2023-03-25,2023-04-05,Email,2
64,680,48,2023-05-06,2023-05-18,MobPush,1
78,681,23,2023-03-17,2023-04-01,SMS,0
46,682,1,2023-02-01,2023-02-06,Viber,2
88,683,44,2023-04-28,2023-05-09,MobPush,3
38,684,14,2023-02-27,2023-03-05,Viber,2
46,685,36,2023-04-12,2023-04-23,WebPush,1
4,686,35,2023-04-10,2023-04-14,WebPush,3
57,687,25,2023-03-21,2023-03-22,Email,1
13,688,29,2023-03-29,2023-04-04,Email,0
19,689,2,2023-02-03,2023-02-12,SMS,2
88,690,23,2023-03-17,2023-03-17,SMS,2
81,691,24,2023-03-19,2023-04-01,SMS,2
87,692,12,2023-02-23,2023-02-26,Viber,3
92,693,11,2023-02-21,2023-02-21,Viber,2
92,694,5,2023-02-09,2023-02-14,MobPush,3
11,695,17,2023-03-05,2023-03-08,SMS,3
62,696,6,2023-02-11,2023-02-25,Viber,1
81,697,43,2023-04-26,2023-05-04,MobPush,3
62,698,17,2023-03-05,2023-03-17,SMS,1
67,699,11,2023-02-21,2023-02-21,Viber,2
29,700,44,2023-04-28,2023-04-29,MobPush,1
85,701,50,2023-05-10,2023-05-16,MobPush,3
1,702,34,2023-04-08,2023-04-23,WebPush,2
70,703,23,2023-03-17,2023-03-29,SMS,2
80,704,43,2023-04-26,2023-05-01,MobPush,1
77,705,35,2023-04-10,2023-04-10,WebPush,0
34,706,4,2023-02-07,2023-02-12,WebPush,0
31,707,13,2023-02-25,2023-03-05,Viber,1
67,708,21,2023-03-13,2023-03-15,SMS,3
85,709,13,2023-02-25,2023-03-07,Viber,3
88,710,26,2023-03-23,2023-03-25,Email,0
49,711,38,2023-04-16,2023-04-29,WebPush,2
8,712,45,2023-04-30,2023-05-06,MobPush,1
65,713,28,2023-03-27,2023-04-10,Email,1
40,714,19,2023-03-09,2023-03-15,SMS,2
40,715,18,2023-03-07,2023-03-20,SMS,0
31,716,40,2023-04-20,2023-04-26,WebPush,2
22,717,31,2023-04-02,2023-04-12,Email,1
76,718,50,2023-05-10,2023-05-16,MobPush,0
5,719,30,2023-03-31,2023-04-13,Email,2
39,720,4,2023-02-07,2023-02-16,WebPush,0
16,721,16,2023-03-03,2023-03-10,SMS,3
42,722,7,2023-02-13,2023-02-17,Viber,1
40,723,5,2023-02-09,2023-02-20,MobPush,0
87,724,10,2023-02-19,2023-03-01,Viber,2
20,725,43,2023-04-26,2023-05-11,MobPush,1
68,726,32,2023-04-04,2023-04-13,Email,0
49,727,29,2023-03-29,2023-04-01,Email,1
49,728,29,2023-03-29,2023-04-10,Email,3
20,729,38,2023-04-16,2023-04-16,WebPush,3
32,730,1,2023-02-01,2023-02-03,Viber,1
92,731,32,2023-04-04,2023-04-16,Email,3
66,732,48,2023-05-06,2023-05-13,MobPush,0
30,733,17,2023-03-05,2023-03-17,SMS,2
9,734,11,2023-02-21,2023-02-22,Viber,1
73,735,2,2023-02-03,2023-02-04,SMS,0
75,736,35,2023-04-10,2023-04-19,WebPush,3
88,737,20,2023-03-11,2023-03-13,SMS,3
13,738,27,2023-03-25,2023-04-05,Email,0
32,739,11,2023-02-21,2023-02-23,Viber,3
20,740,7,2023-02-13,2023-02-22,Viber,3
33,741,42,2023-04-24,2023-05-08,WebPush,1
96,742,21,2023-03-13,2023-03-26,SMS,2
26,743,47,2023-05-04,2023-05-16,MobPush,1
66,744,40,2023-04-20,2023-04-22,WebPush,1
4,745,30,2023-03-31,2023-04-04,Email,2
88,746,16,2023-03-03,2023-03-18,SMS,0
90,747,45,2023-04-30,2023-05-14,MobPush,0
55,748,6,2023-02-11,2023-02-24,Viber,2
99,749,50,2023-05-10,2023-05-13,MobPush,3
94,750,35,2023-04-10,2023-04-23,WebPush,0
58,751,23,2023-03-17,2023-03-19,SMS,1
56,752,17,2023-03-05,2023-03-07,SMS,0
34,753,21,2023-03-13,2023-03-25,SMS,3
94,754,7,2023-02-13,2023-02-18,Viber,2
93,755,24,2023-03-19,2023-03-23,SMS,3
92,756,8,2023-02-15,2023-02-27,Viber,2
90,757,29,2023-03-29,2023-03-29,Email,3
27,758,48,2023-05-06,2023-05-12,MobPush,0
88,759,38,2023-04-16,2023-04-21,WebPush,3
41,760,27,2023-03-25,2023-03-28,Email,0
89,761,33,2023-04-06,2023-04-09,Email,0
90,762,25,2023-03-21,2023-04-01,Email,2
57,763,34,2023-04-08,2023-04-08,WebPush,3
52,764,25,2023-03-21,2023-03-29,Email,3
49,765,24,2023-03-19,2023-03-22,SMS,0
25,766,17,2023-03-05,2023-03-06,SMS,1
3,767,32,2023-04-04,2023-04-14,Email,1
44,768,48,2023-05-06,2023-05-15,MobPush,0
92,769,7,2023-02-13,2023-02-13,Viber,2
84,770,3,2023-02-05,2023-02-15,Email,3
36,771,36,2023-04-12,2023-04-24,WebPush,1
72,772,39,2023-04-18,2023-05-03,WebPush,1
15,773,1,2023-02-01,2023-02-12,Viber,2
70,774,2,2023-02-03,2023-02-13,SMS,2
72,775,36,2023-04-12,2023-04-19,WebPush,2
20,776,17,2023-03-05,2023-03-06,SMS,3
26,777,26,2023-03-23,2023-03-31,Email,1
38,778,16,2023-03-03,2023-03-04,SMS,2
62,779,9,2023-02-17,2023-02-21,Viber,3
92,780,37,2023-04-14,2023-04-15,WebPush,1
62,781,48,2023-05-06,2023-05-17,MobPush,1
54,782,5,2023-02-09,2023-02-22,MobPush,0
23,783,49,2023-05-08,2023-05-22,MobPush,3
21,784,14,2023-02-27,2023-03-04,Viber,1
27,785,37,2023-04-14,2023-04-21,WebPush,0
15,786,10,2023-02-19,2023-02-24,Viber,0
26,787,23,2023-03-17,2023-04-01,SMS,1
83,788,7,2023-02-13,2023-02-23,Viber,0
47,789,16,2023-03-03,2023-03-12,SMS,0
49,790,28,2023-03-27,2023-03-28,Email,1
49,791,17,2023-03-05,2023-03-09,SMS,2
23,792,22,2023-03-15,2023-03-18,SMS,0
69,793,1,2023-02-01,2023-02-08,Viber,2
34,794,16,2023-03-03,2023-03-04,SMS,3
73,795,29,2023-03-29,2023-04-11,Email,0
90,796,48,2023-05-06,2023-05-19,MobPush,2
98,797,48,2023-05-06,2023-05-15,MobPush,1
62,798,20,2023-03-11,2023-03-15,SMS,3
3,799,25,2023-03-21,2023-04-04,Email,3
95,800,32,2023-04-04,2023-04-07,Email,1
58,801,23,2023-03-17,2023-03-26,SMS,0
58,802,16,2023-03-03,2023-03-15,SMS,0
90,803,46,2023-05-02,2023-05-02,MobPush,2
12,804,49,2023-05-08,2023-05-10,MobPush,0
14,805,23,2023-03-17,2023-04-01,SMS,2
2,806,5,2023-02-09,2023-02-17,MobPush,3
27,807,43,2023-04-26,2023-04-29,MobPush,2
52,808,4,2023-02-07,2023-02-22,WebPush,0
14,809,48,2023-05-06,2023-05-10,MobPush,1
27,810,22,2023-03-15,2023-03-23,SMS,0
40,811,3,2023-02-05,2023-02-13,Email,1
62,812,8,2023-02-15,2023-02-17,Viber,1
27,813,40,2023-04-20,2023-05-02,WebPush,2
1,814,49,2023-05-08,2023-05-19,MobPush,1
20,815,28,2023-03-27,2023-04-06,Email,3
26,816,6,2023-02-11,2023-02-18,Viber,3
26,817,7,2023-02-13,2023-02-13,Viber,2
12,818,18,2023-03-07,2023-03-12,SMS,1
67,819,8,2023-02-15,2023-02-22,Viber,0
48,820,35,2023-04-10,2023-04-10,WebPush,2
51,821,34,2023-04-08,2023-04-23,WebPush,2
65,822,15,2023-03-01,2023-03-05,Viber,2
15,823,11,2023-02-21,2023-03-04,Viber,1
47,824,40,2023-04-20,2023-04-26,WebPush,1
99,825,12,2023-02-23,2023-02-23,Viber,3
58,826,29,2023-03-29,2023-04-08,Email,0
42,827,6,2023-02-11,2023-02-14,Viber,3
97,828,31,2023-04-02,2023-04-13,Email,2
41,829,44,2023-04-28,2023-05-04,MobPush,0
41,830,47,2023-05-04,2023-05-05,MobPush,0
59,831,8,2023-02-15,2023-02-27,Viber,0
19,832,43,2023-04-26,2023-05-10,MobPush,2
37,833,20,2023-03-11,2023-03-22,SMS,1
24,834,13,2023-02-25,2023-02-26,Viber,1
68,835,40,2023-04-20,2023-05-05,WebPush,2
100,836,9,2023-02-17,2023-03-01,Viber,2
13,837,37,2023-04-14,2023-04-18,WebPush,1
14,838,21,2023-03-13,2023-03-16,SMS,2
89,839,33,2023-04-06,2023-04-06,Email,0
33,840,45,2023-04-30,2023-05-04,MobPush,0
17,841,24,2023-03-19,2023-03-20,SMS,2
61,842,18,2023-03-07,2023-03-07,SMS,3
46,843,38,2023-04-16,2023-04-28,WebPush,2
41,844,31,2023-04-02,2023-04-07,Email,1
98,845,19,2023-03-09,2023-03-16,SMS,2
99,846,3,2023-02-05,2023-02-17,Email,1
51,847,4,2023-02-07,2023-02-16,WebPush,0
48,848,49,2023-05-08,2023-05-21,MobPush,3
59,849,29,2023-03-29,2023-03-29,Email,2
75,850,2,2023-02-03,2023-02-13,SMS,3
61,851,33,2023-04-06,2023-04-06,Email,2
60,852,33,2023-04-06,2023-04-20,Email,1
51,853,49,2023-05-08,2023-05-10,MobPush,1
75,854,41,2023-04-22,2023-05-02,WebPush,2
19,855,26,2023-03-23,2023-03-27,Email,0
29,856,42,2023-04-24,2023-04-28,WebPush,1
96,857,6,2023-02-11,2023-02-16,Viber,1
62,858,50,2023-05-10,2023-05-25,MobPush,0
51,859,44,2023-04-28,2023-05-10,MobPush,2
42,860,15,2023-03-01,2023-03-16,Viber,3
25,861,31,2023-04-02,2023-04-17,Email,1
69,862,14,2023-02-27,2023-03-09,Viber,2
95,863,22,2023-03-15,2023-03-28,SMS,0
44,864,24,2023-03-19,2023-04-03,SMS,1
94,865,21,2023-03-13,2023-03-14,SMS,0
13,866,15,2023-03-01,2023-03-15,Viber,0
66,867,6,2023-02-11,2023-02-22,Viber,0
45,868,26,2023-03-23,2023-03-31,Email,1
75,869,24,2023-03-19,2023-03-19,SMS,2
98,870,24,2023-03-19,2023-03-22,SMS,2
2,871,33,2023-04-06,2023-04-07,Email,0
34,872,43,2023-04-26,2023-04-26,MobPush,1
84,873,48,2023-05-06,2023-05-19,MobPush,2
38,874,21,2023-03-13,2023-03-18,SMS,0
34,875,20,2023-03-11,2023-03-25,SMS,3
3,876,39,2023-04-18,2023-04-18,WebPush,1
64,877,48,2023-05-06,2023-05-14,MobPush,3
28,878,34,2023-04-08,2023-04-08,WebPush,0
12,879,9,2023-02-17,2023-02-19,Viber,1
14,880,39,2023-04-18,2023-04-29,WebPush,0
94,881,15,2023-03-01,2023-03-03,Viber,3
46,882,9,2023-02-17,2023-03-01,Viber,1
82,883,10,2023-02-19,2023-03-04,Viber,0
71,884,47,2023-05-04,2023-05-18,MobPush,2
79,885,29,2023-03-29,2023-04-09,Email,3
3,886,22,2023-03-15,2023-03-26,SMS,2
51,887,9,2023-02-17,2023-02-20,Viber,2
80,888,22,2023-03-15,2023-03-27,SMS,0
5,889,16,2023-03-03,2023-03-09,SMS,2
76,890,13,2023-02-25,2023-03-03,Viber,3
81,891,43,2023-04-26,2023-05-09,MobPush,1
95,892,17,2023-03-05,2023-03-15,SMS,3
83,893,27,2023-03-25,2023-04-09,Email,2
51,894,17,2023-03-05,2023-03-07,SMS,2
85,895,47,2023-05-04,2023-05-19,MobPush,2
22,896,11,2023-02-21,2023-03-03,Viber,2
64,897,27,2023-03-25,2023-04-09,Email,2
80,898,29,2023-03-29,2023-03-31,Email,2
20,899,29,2023-03-29,2023-04-13,Email,1
21,900,35,2023-04-10,2023-04-21,WebPush,3
56,901,42,2023-04-24,2023-05-09,WebPush,2
79,902,20,2023-03-11,2023-03-23,SMS,0
87,903,27,2023-03-25,2023-03-26,Email,0
67,904,10,2023-02-19,2023-03-02,Viber,3
25,905,19,2023-03-09,2023-03-14,SMS,1
87,906,11,2023-02-21,2023-03-02,Viber,0
23,907,30,2023-03-31,2023-04-07,Email,2
84,908,46,2023-05-02,2023-05-16,MobPush,3
12,909,7,2023-02-13,2023-02-17,Viber,3
99,910,43,2023-04-26,2023-05-03,MobPush,3
19,911,39,2023-04-18,2023-04-27,WebPush,2
1,912,13,2023-02-25,2023-02-26,Viber,1
4,913,48,2023-05-06,2023-05-20,MobPush,1
19,914,42,2023-04-24,2023-05-07,WebPush,2
65,915,15,2023-03-01,2023-03-04,Viber,2
38,916,34,2023-04-08,2023-04-18,WebPush,1
73,917,17,2023-03-05,2023-03-16,SMS,0
68,918,6,2023-02-11,2023-02-16,Viber,1
95,919,8,2023-02-15,2023-02-19,Viber,1
55,920,16,2023-03-03,2023-03-14,SMS,0
76,921,17,2023-03-05,2023-03-13,SMS,1
19,922,23,2023-03-17,2023-03-19,SMS,2
50,923,18,2023-03-07,2023-03-20,SMS,3
10,924,37,2023-04-14,2023-04-21,WebPush,0
62,925,10,2023-02-19,2023-03-05,Viber,2
17,926,38,2023-04-16,2023-04-23,WebPush,2
99,927,27,2023-03-25,2023-03-26,Email,0
34,928,36,2023-04-12,2023-04-25,WebPush,1
35,929,34,2023-04-08,2023-04-21,WebPush,0
12,930,36,2023-04-12,2023-04-12,WebPush,0
51,931,11,2023-02-21,2023-02-24,Viber,1
5,932,21,2023-03-13,2023-03-13,SMS,2
37,933,8,2023-02-15,2023-02-26,Viber,0
98,934,2,2023-02-03,2023-02-07,SMS,0
82,935,19,2023-03-09,2023-03-18,SMS,3
48,936,32,2023-04-04,2023-04-18,Email,1
2,937,36,2023-04-12,2023-04-14,WebPush,1
32,938,7,2023-02-13,2023-02-21,Viber,0
42,939,28,2023-03-27,2023-04-05,Email,0
80,940,9,2023-02-17,2023-02-18,Viber,3
63,941,1,2023-02-01,2023-02-01,Viber,2
100,942,22,2023-03-15,2023-03-17,SMS,0
62,943,39,2023-04-18,2023-04-24,WebPush,1
56,944,22,2023-03-15,2023-03-27,SMS,3
65,945,9,2023-02-17,2023-02-23,Viber,0
60,946,44,2023-04-28,2023-04-30,MobPush,1
61,947,20,2023-03-11,2023-03-25,SMS,2
68,948,32,2023-04-04,2023-04-06,Email,1
20,949,26,2023-03-23,2023-03-31,Email,1
91,950,36,2023-04-12,2023-04-25,WebPush,3
90,951,38,2023-04-16,2023-04-25,WebPush,2
30,952,17,2023-03-05,2023-03-10,SMS,2
60,953,23,2023-03-17,2023-03-20,SMS,3
68,954,1,2023-02-01,2023-02-10,Viber,1
70,955,1,2023-02-01,2023-02-12,Viber,0
26,956,34,2023-04-08,2023-04-12,WebPush,3
77,957,37,2023-04-14,2023-04-21,WebPush,1
79,958,8,2023-02-15,2023-02-20,Viber,1
66,959,20,2023-03-11,2023-03-18,SMS,0
27,960,10,2023-02-19,2023-03-01,Viber,0
47,961,20,2023-03-11,2023-03-17,SMS,2
66,962,28,2023-03-27,2023-04-06,Email,1
35,963,3,2023-02-05,2023-02-09,Email,0
32,964,36,2023-04-12,2023-04-23,WebPush,3
80,965,44,2023-04-28,2023-05-03,MobPush,3
31,966,21,2023-03-13,2023-03-25,SMS,2
20,967,1,2023-02-01,2023-02-12,Viber,2
90,968,47,2023-05-04,2023-05-06,MobPush,0
37,969,8,2023-02-15,2023-02-24,Viber,3
83,970,18,2023-03-07,2023-03-08,SMS,2
12,971,12,2023-02-23,2023-02-26,Viber,0
60,972,6,2023-02-11,2023-02-26,Viber,2
43,973,42,2023-04-24,2023-05-03,WebPush,3
65,974,25,2023-03-21,2023-03-26,Email,2
82,975,4,2023-02-07,2023-02-19,WebPush,0
36,976,4,2023-02-07,2023-02-21,WebPush,0
68,977,18,2023-03-07,2023-03-18,SMS,1
55,978,46,2023-05-02,2023-05-08,MobPush,2
19,979,29,2023-03-29,2023-03-31,Email,3
98,980,45,2023-04-30,2023-05-10,MobPush,0
32,981,39,2023-04-18,2023-04-18,WebPush,1
10,982,29,2023-03-29,2023-04-11,Email,3
13,983,3,2023-02-05,2023-02-19,Email,1
5,984,15,2023-03-01,2023-03-06,Viber,3
34,985,6,2023-02-11,2023-02-18,Viber,1
72,986,35,2023-04-10,2023-04-15,WebPush,2
43,987,10,2023-02-19,2023-03-06,Viber,3
1,988,4,2023-02-07,2023-02-18,WebPush,3
87,989,19,2023-03-09,2023-03-14,SMS,2
15,990,40,2023-04-20,2023-04-29,WebPush,0
69,991,2,2023-02-03,2023-02-16,SMS,0
66,992,1,2023-02-01,2023-02-07,Viber,1
30,993,34,2023-04-08,2023-04-21,WebPush,3
25,994,19,2023-03-09,2023-03-10,SMS,1
99,995,1,2023-02-01,2023-02-08,Viber,0
86,996,41,2023-04-22,2023-04-30,WebPush,0
18,997,34,2023-04-08,2023-04-23,WebPush,0
22,998,18,2023-03-07,2023-03-19,SMS,0
27,999,39,2023-04-18,2023-04-19,WebPush,3